,Unnamed: 0,statement,status,text_length
count,53043.0,52681,53043,53043.0
unique,,51073,7,
top,,what do you mean?,Normal,
freq,,22,16351,
mean,26521.0,,,574.7848160926042
std,15312.339501199678,,,844.7071983645387
min,0.0,,,2.0
25%,13260.5,,,77.0
50%,26521.0,,,313.0
75%,39781.5,,,748.0
max,53042.0,,,32759.0
